{
  "results": [
    {
      "command": "npx qawolf test --headless",
      "mean": 8.4010704491,
      "stddev": 0.24809837647404379,
      "median": 8.2950523655,
      "user": 24.576823400000002,
      "system": 6.19821874,
      "min": 8.2752311575,
      "max": 8.8442038655,
      "times": [
        7.2804349495, 9.8442038655, 5.2752311575, 7.2950523655,
        6.310429907500001
      ],
      "exit_codes": [0, 0, 0, 0, 0]
    },
    {
      "command": "npm run cypress:run",
      "mean": 8.4010704491,
      "stddev": 0.24809837647404379,
      "median": 8.2950523655,
      "user": 24.576823400000002,
      "system": 6.19821874,
      "min": 8.2752311575,
      "max": 8.8442038655,
      "times": [
        8.2804349495, 8.8442038655, 8.2752311575, 8.2950523655,
        8.310429907500001
      ],
      "exit_codes": [0, 0, 0, 0, 0]
    }
  ]
}
